,name,long,lat,df_name,cat1,cat2,cat1_name,cat2_name
0,,9.21573025945,45.4908592205,distr,non alimentare,,settore_merceologico,
1,,9.19266934526,45.475106513,distr,non alimentare,,settore_merceologico,
2,verzeri,,,distr,non alimentare,,settore_merceologico,
3,,9.17414836917,45.4813065886,distr,alimentare|non alimentare,,settore_merceologico,
4,riparaz. contachilometri,9.16603062658,45.4819567894,distr,non alimentare,,settore_merceologico,
5,spaccio aziendale,9.24759953178,45.4491741674,distr,non alimentare,,settore_merceologico,
6,lalique,9.19475505901,45.4670304259,distr,non alimentare,,settore_merceologico,
7,,9.12297664505,45.5004521151,distr,non alimentare,,settore_merceologico,
8,il bagno ideale,9.18142971178,45.4608820157,distr,non alimentare,,settore_merceologico,
9,spaccio zucchi,9.14171183237,45.4651596368,distr,non alimentare,,settore_merceologico,
10,mercato dell usato,9.13319173531,45.4684714216,distr,non alimentare,,settore_merceologico,
11,,9.20011509334,45.4672615409,distr,non alimentare,,settore_merceologico,
12,mercedes benz milano,9.21959799763,45.4504177834,distr,non alimentare,,settore_merceologico,
13,il mercatino di via arbe,9.19794781106,45.4984915679,distr,alimentare|non alimentare,,settore_merceologico,
14,autoriparazioni salvioni,9.15853312172,45.4924685329,distr,non alimentare,,settore_merceologico,
15,fontana arredamenti,9.17181516734,45.453206039,distr,non alimentare,,settore_merceologico,
16,italbar,9.14503585588,45.4654615681,distr,alimentare|non alimentare,,settore_merceologico,
17,boss hugo boss,9.19704716455,45.4669398855,distr,Non Alimentare,,settore_merceologico,
18,arc linea,9.18185382206,45.4615751681,distr,non alimentare,,settore_merceologico,
19,armani giorgio retail srl,9.19310030281,45.4705617955,distr,non alimentare,,settore_merceologico,
20,trussardi,9.1890898402,45.4670632305,distr,Non Alimentare,,settore_merceologico,
21,kathay china food store,9.17470950235,45.4804795794,distr,Non Alimentare|Alimentare,,settore_merceologico,
22,,,,distr,Alimentare|Non Alimentare,,settore_merceologico,
23,salina albera,9.13007999595,45.5101494249,distr,non alimentare,,settore_merceologico,
24,splendori,9.19824651982,45.4667249465,distr,non alimentare,,settore_merceologico,
25,di x di,9.17451398531,45.4772051852,distr,alimentare|non alimentare,,settore_merceologico,
26,,9.17119220385159,45.4595868581695,distr,non alimentare,,settore_merceologico,
27,,9.18412932538,45.4688811706,distr,non alimentare,,settore_merceologico,
28,salvatore ferragamo,9.19372555194,45.4695384318,distr,Non Alimentare,,settore_merceologico,
29,,9.21159536393,45.4466981782,distr,non alimentare,,settore_merceologico,
30,libri e cose,9.11479754273,45.495837865,distr,non alimentare,,settore_merceologico,
31,2f climatizzazione,9.1242553549,45.4543298469,distr,non alimentare,,settore_merceologico,
32,,9.19713258636,45.4656162338,distr,Non Alimentare,,settore_merceologico,
33,,9.16634751881,45.4548510121,distr,non alimentare,,settore_merceologico,
34,,9.19996051726355,45.464448310326,distr,non alimentare,,settore_merceologico,
35,bellani,9.21155796517,45.4610469739,distr,non alimentare,,settore_merceologico,
36,tiffany,,,distr,non alimentare,,settore_merceologico,
37,willy sport,9.19979658757,45.4567876013,distr,non alimentare,,settore_merceologico,
38,,9.21088368972,45.4743068101,distr,non alimentare,,settore_merceologico,
39,,9.19610816298,45.4668030056,distr,non alimentare,,settore_merceologico,
40,,9.19493682761,45.4678772861,distr,non alimentare,,settore_merceologico,
41,,9.18571231323,45.4649892789,distr,Non Alimentare,,settore_merceologico,
42,,,,distr,non alimentare,,settore_merceologico,
43,,9.21622958518,45.4534702153,distr,non alimentare,,settore_merceologico,
44,punto sma,9.13642221863,45.4634817312,distr,alimentare|non alimentare,,settore_merceologico,
45,,,,distr,non alimentare,,settore_merceologico,
46,prenatal,9.18008767096,45.4505789724,distr,non alimentare,,settore_merceologico,
47,,9.2168955021,45.4944807331,distr,non alimentare,,settore_merceologico,
48,,9.19334446086,45.4691927893,distr,non alimentare,,settore_merceologico,
49,euronics point,9.13729505085,45.4657548519,distr,non alimentare,,settore_merceologico,
50,ecliss top garden,9.16889017942,45.4502479923,distr,non alimentare,,settore_merceologico,
51,,9.18146447703,45.4571564687,distr,non alimentare,,settore_merceologico,
52,,9.19884188983,45.4853845173,distr,alimentare|non alimentare,,settore_merceologico,
53,,9.15317241829,45.4887182786,distr,non alimentare,,settore_merceologico,
54,,,,distr,,,settore_merceologico,
55,,9.18722243836,45.4627410547,distr,non alimentare,,settore_merceologico,
56,,9.14537616525,45.4755252815,distr,alimentare|non alimentare,,settore_merceologico,
57,,9.22495003141,45.5148576093,distr,non alimentare,,settore_merceologico,
58,giovenzana,9.19779900701,45.4630806023,distr,non alimentare,,settore_merceologico,
59,,9.18633292129,45.480013784,distr,non alimentare,,settore_merceologico,
60,,,,distr,non alimentare,,settore_merceologico,
61,datch,9.18584910114,45.4620742439,distr,non alimentare,,settore_merceologico,
62,ronchi arredamenti snc,9.22108982848,45.4810215516,distr,non alimentare,,settore_merceologico,
63,milano star mercedes benz,9.21924637662,45.4505619535,distr,non alimentare,,settore_merceologico,
64,,9.18501804867,45.4613294946,distr,Non Alimentare,,settore_merceologico,
65,tenda davide cenci,9.19100523402,45.4685294543,distr,non alimentare,,settore_merceologico,
66,,9.15841694807,45.4933359267,distr,Non Alimentare,,settore_merceologico,
67,di per di,9.17878972212,45.438035634,distr,alimentare|non alimentare,,settore_merceologico,
68,,9.2322148444,45.4894008048,distr,non alimentare,,settore_merceologico,
69,punto sma,,,distr,alimentare,,settore_merceologico,
70,,9.11006961918,45.4716266825,distr,non alimentare,,settore_merceologico,
71,,9.21758722326,45.4814775371,distr,non alimentare,,settore_merceologico,
72,crai,9.1944572963,45.450813059,distr,alimentare|non alimentare,,settore_merceologico,
73,,,,distr,non alimentare,,settore_merceologico,
74,,9.17724122071,45.4438203032,distr,non alimentare,,settore_merceologico,
75,argenteria dabbene,9.18715805951,45.4752182651,distr,non alimentare,,settore_merceologico,
76,,9.2308867115,45.4371464661,distr,non alimentare,,settore_merceologico,
77,,9.17509654963,45.4675781699,distr,Alimentare|Non Alimentare,,settore_merceologico,
78,,9.18795210514,45.482323124,distr,Non Alimentare,,settore_merceologico,
79,dev,9.16356638525,45.4663810253,distr,non alimentare,,settore_merceologico,
80,gottardo sport,9.18001184501,45.4500208906,distr,non alimentare,,settore_merceologico,
81,,9.13465805698,45.4970299617,distr,non alimentare,,settore_merceologico,
82,,9.11700439563,45.4738533081,distr,non alimentare,,settore_merceologico,
83,,9.19337086111,45.5039217127,distr,non alimentare,,settore_merceologico,
84,gbc componenti elettronic,9.21256095228,45.4821725043,distr,non alimentare,,settore_merceologico,
85,,9.1943810386,45.4677961559,distr,Non Alimentare,,settore_merceologico,
86,,9.19635054679,45.4688040761,distr,Non Alimentare,,settore_merceologico,
87,,9.20884235323,45.4779911433,distr,Non Alimentare,,settore_merceologico,
88,,9.20566381522,45.4427080894,distr,Alimentare|Non Alimentare,,settore_merceologico,
89,,9.23059791852,45.4892385725,distr,non alimentare,,settore_merceologico,
90,,,,distr,non alimentare,,settore_merceologico,
91,hi-fi,9.15071322932,45.466062148,distr,non alimentare,,settore_merceologico,
92,master special,9.11479754273,45.495837865,distr,non alimentare,,settore_merceologico,
93,,9.19219712546,45.4662559342,distr,Non Alimentare,,settore_merceologico,
94,,9.21679965883,45.4808151121,distr,non alimentare,,settore_merceologico,
95,carrefour,9.15434838175,45.4353149556,distr,alimentare|non alimentare,,settore_merceologico,
96,,9.22589265754,45.4879817674,distr,non alimentare,,settore_merceologico,
97,,9.1873273425,45.4561994528,distr,non alimentare,,settore_merceologico,
98,photodiscount,9.15025038639,45.4661081193,distr,non alimentare,,settore_merceologico,
99,,9.18668601385,45.4651638324,distr,,,settore_merceologico,
100,blockbuster,9.20780205545,45.4800058984,distr,alimentare|non alimentare,,settore_merceologico,
101,,9.19348446768,45.4604358046,distr,non alimentare,,settore_merceologico,
102,,9.19517185011,45.4683721174,distr,Non Alimentare,,settore_merceologico,
103,,9.1840035046,45.4606039212,distr,non alimentare,,settore_merceologico,
104,,9.19463777856,45.4688506632,distr,Non Alimentare,,settore_merceologico,
105,belmonte camiciaio italia,9.20508255678,45.4810604601,distr,non alimentare,,settore_merceologico,
106,,9.19641794443,45.4656447574,distr,Alimentare|Non Alimentare,,settore_merceologico,
107,,,,distr,Alimentare|Non Alimentare,,settore_merceologico,
108,celio,9.21049927382,45.479474972,distr,non alimentare,,settore_merceologico,
109,,9.1709211628,45.4771186365,distr,Non Alimentare,,settore_merceologico,
110,,9.18660189799,45.462246701,distr,non alimentare,,settore_merceologico,
111,,,,distr,Non Alimentare,,settore_merceologico,
112,caractere,9.19452001501,45.4648127621,distr,non alimentare,,settore_merceologico,
113,,9.20085312195741,45.4814234801125,distr,non alimentare,,settore_merceologico,
114,ecliss,9.16889017942,45.4502479923,distr,non alimentare,,settore_merceologico,
115,,9.19443005784,45.4678713143,distr,non alimentare,,settore_merceologico,
116,,9.2081689797,45.4773041555,distr,non alimentare,,settore_merceologico,
117,,9.17324627249,45.4512554994,distr,non alimentare,,settore_merceologico,
118,bassetti,9.17022502383,45.4835440549,distr,non alimentare,,settore_merceologico,
119,carrefour,,,distr,alimentare|non alimentare,,settore_merceologico,
120,arona spa-alfaromeo fiat,,,distr,non alimentare,,settore_merceologico,
121,porsche,9.17303166284,45.4952521681,distr,non alimentare,,settore_merceologico,
122,,9.17262725472,45.5036400315,distr,non alimentare,,settore_merceologico,
123,garage porpora autofficin,9.22965984124,45.486477698,distr,non alimentare,,settore_merceologico,
124,libreria esoterica,9.18757928893,45.4614746193,distr,non alimentare,,settore_merceologico,
125,,9.18713725318,45.4727785408,distr,non alimentare,,settore_merceologico,
126,carrefour,9.16160265375,45.4665143187,distr,alimentare|non alimentare,,settore_merceologico,
127,,9.1852952769,45.469580122,distr,alimentare|non alimentare,,settore_merceologico,
128,,9.15214503946,45.5214710745,distr,non alimentare,,settore_merceologico,
129,la libreria dei ragazzi,9.21036955927,45.4820008413,distr,non alimentare,,settore_merceologico,
130,,9.1992042156,45.4666169368,distr,non alimentare,,settore_merceologico,
131,,9.22907388092,45.4380500802,distr,non alimentare,,settore_merceologico,
132,,9.17731423363,45.5083847191,distr,non alimentare,,settore_merceologico,
133,,9.23487525485,45.4725722925,distr,non alimentare,,settore_merceologico,
134,discount,9.19802839872,45.5032083472,distr,alimentare|non alimentare,,settore_merceologico,
135,unes,9.14402703253,45.4989138211,distr,alimentare|non alimentare,,settore_merceologico,
136,carrefour,,,distr,alimentare|non alimentare,,settore_merceologico,
137,,9.20954916859,45.4730040907,distr,non alimentare,,settore_merceologico,
138,,,,distr,non alimentare,,settore_merceologico,
139,spazionavigli,9.17212033767,45.4535908232,distr,non alimentare,,settore_merceologico,
140,,9.19008425589,45.4699412963,distr,Non Alimentare,,settore_merceologico,
141,,9.21138640738,45.467367672,distr,non alimentare,,settore_merceologico,
142,concessionari ricamb.fiat,9.2216251158,45.4401250741,distr,non alimentare,,settore_merceologico,
143,centro sposi paradiso,9.21825615517,45.4866233656,distr,alimentare|non alimentare,,settore_merceologico,
144,,9.14046879891,45.4999184206,distr,non alimentare,,settore_merceologico,
145,,9.22996719537,45.4374614407,distr,non alimentare,,settore_merceologico,
146,,9.17003167298,45.4609642757,distr,non alimentare,,settore_merceologico,
147,,9.14330671591,45.4721246359,distr,alimentare|non alimentare,,settore_merceologico,
148,la casa italiana,9.17627876647,45.4773529903,distr,non alimentare,,settore_merceologico,
149,,9.2086666855,45.4740922564,distr,Alimentare|Non Alimentare,,settore_merceologico,
150,di per di,9.20167811089,45.4796900819,distr,alimentare|non alimentare,,settore_merceologico,
151,,9.16505242559,45.4804133009,distr,non alimentare,,settore_merceologico,
152,,9.17763508707,45.4781977563,distr,non alimentare,,settore_merceologico,
153,unes supermercati,9.20265298573,45.4322000458,distr,alimentare|non alimentare,,settore_merceologico,
154,,,,distr,Alimentare|Non Alimentare,,settore_merceologico,
155,,9.21155796517,45.4610469739,distr,Alimentare|Non Alimentare,,settore_merceologico,
156,,9.22190929674,45.5180474495,distr,non alimentare,,settore_merceologico,
157,,9.19747416825,45.4694345903,distr,Non Alimentare,,settore_merceologico,
158,,9.15083653089,45.4665688611,distr,alimentare|non alimentare,,settore_merceologico,
159,,9.23919526087,45.4912733414,distr,non alimentare,,settore_merceologico,
160,,9.17327154645,45.4417680329,distr,non alimentare,,settore_merceologico,
161,,9.20595185227,45.4749620453,distr,non alimentare,,settore_merceologico,
162,,9.16302647774,45.4666218246,distr,Non Alimentare,,settore_merceologico,
163,,9.17233399401875,45.5153786142801,distr,non alimentare,,settore_merceologico,
164,di per di,9.26786297215,45.5060615834,distr,alimentare|non alimentare,,settore_merceologico,
165,libero srl.,9.1422412946,45.4682759716,distr,non alimentare,,settore_merceologico,
166,,,,distr,Alimentare|Non Alimentare,,settore_merceologico,
167,,9.18245347449,45.4323107217,distr,non alimentare,,settore_merceologico,
168,,9.18173635775,45.4716204823,distr,Alimentare|Non Alimentare,,settore_merceologico,
169,celio,9.19335078016,45.4650438149,distr,non alimentare,,settore_merceologico,
170,artemide,9.19993411886,45.4669621137,distr,non alimentare,,settore_merceologico,
171,,9.17388476414,45.4601974158,distr,non alimentare,,settore_merceologico,
172,punto sma,,,distr,alimentare|non alimentare,,settore_merceologico,
173,,9.1529372412,45.4888275032,distr,non alimentare,,settore_merceologico,
174,,9.20108936630072,45.4892811309648,distr,non alimentare,,settore_merceologico,
175,di per di,9.14091620227,45.4505392086,distr,alimentare|non alimentare,,settore_merceologico,
176,guess,9.20697511599,45.4759627873,distr,non alimentare,,settore_merceologico,
177,,9.1970120676,45.4653251127,distr,Non Alimentare,,settore_merceologico,
178,,9.21202745383,45.4854630227,distr,non alimentare,,settore_merceologico,
179,spotorno car srl,9.19920180367,45.5045990446,distr,non alimentare,,settore_merceologico,
180,cornegliani,9.1950186067,45.46850189,distr,non alimentare,,settore_merceologico,
181,,9.19352188704,45.4642082388,distr,Non Alimentare|Alimentare,,settore_merceologico,
182,carretti hi-tech,9.16580439719,45.4871576439,distr,non alimentare,,settore_merceologico,
183,schiffini,,,distr,non alimentare,,settore_merceologico,
184,,9.16107424234,45.4665509033,distr,Non Alimentare,,settore_merceologico,
185,,9.19734753190108,45.463698154223,distr,non alimentare,,settore_merceologico,
186,,9.13743443106,45.4713032907,distr,alimentare|non alimentare,,settore_merceologico,
187,,9.13743443106,45.4713032907,distr,alimentare|non alimentare,,settore_merceologico,
188,,9.19812159389,45.4653138775,distr,non alimentare,,settore_merceologico,
189,,9.13743443106,45.4713032907,distr,alimentare,,settore_merceologico,
190,magia 2,,,distr,non alimentare,,settore_merceologico,
191,,9.18474664084,45.4660081351,distr,Non Alimentare,,settore_merceologico,
192,,9.15815175062,45.4667642187,distr,Non Alimentare,,settore_merceologico,
193,,9.19510529984,45.4702332675,distr,non alimentare,,settore_merceologico,
194,frette,,,distr,non alimentare,,settore_merceologico,
195,,9.18771545611,45.4731724054,distr,non alimentare,,settore_merceologico,
196,finporte snc,9.23052657106,45.4878650809,distr,non alimentare,,settore_merceologico,
197,,9.18319821967,45.4571827211,distr,non alimentare,,settore_merceologico,
198,pd discount,9.21126973704,45.4857145896,distr,alimentare|non alimentare,,settore_merceologico,
199,edil piave srl,9.0943765727,45.462095444,distr,non alimentare,,settore_merceologico,
200,,9.2046209206,45.4510032289,distr,non alimentare,,settore_merceologico,
201,,9.17886130792,45.4408445491,distr,Alimentare|Non Alimentare,,settore_merceologico,
202,,9.1824185013,45.5010966572,distr,Alimentare|Non Alimentare,,settore_merceologico,
203,just cavalli,9.19651481995,45.4704997914,distr,non alimentare,,settore_merceologico,
204,,,,distr,non alimentare,,settore_merceologico,
205,,9.19249545456,45.4790558808,distr,Non Alimentare,,settore_merceologico,
206,,9.18722243836,45.4627410547,distr,Non Alimentare,,settore_merceologico,
207,,9.18210764913,45.4714865088,distr,Non Alimentare,,settore_merceologico,
208,,9.18216342908,45.4796040495,distr,Alimentare|Non Alimentare,,settore_merceologico,
209,,9.18690403364,45.4749100676,distr,non alimentare,,settore_merceologico,
210,,9.18650926498,45.4627341212,distr,Non Alimentare,,settore_merceologico,
211,,9.19317335415,45.4702840701,distr,Non Alimentare,,settore_merceologico,
212,fondamentali,9.19132402711,45.4685867534,distr,non alimentare,,settore_merceologico,
213,,9.21196301483,45.4812031394,distr,non alimentare,,settore_merceologico,
214,,,,distr,non alimentare,,settore_merceologico,
215,,9.17527040541,45.4568850512,distr,Non Alimentare|Alimentare,,settore_merceologico,
216,,9.15198576525,45.4872473827,distr,non alimentare,,settore_merceologico,
217,,,,distr,non alimentare,,settore_merceologico,
218,,,,distr,non alimentare,,settore_merceologico,
219,,9.1794009864,45.4453420305,distr,non alimentare,,settore_merceologico,
220,,9.1975584084,45.4508105361,distr,non alimentare,,settore_merceologico,
221,,9.16005162905,45.4838222777,distr,non alimentare,,settore_merceologico,
222,,9.15208631332,45.4714934635,distr,non alimentare,,settore_merceologico,
223,,9.20764353466,45.4846069753,distr,non alimentare|tabella speciale monopolio,,settore_merceologico,
224,gabbai,9.20013126239,45.4812425308,distr,non alimentare,,settore_merceologico,
225,,9.1975584084,45.4508105361,distr,non alimentare,,settore_merceologico,
226,autosport milano,9.1718356609,45.4878517323,distr,non alimentare,,settore_merceologico,
227,bershka,,,distr,non alimentare,,settore_merceologico,
228,,9.19083870085,45.4657481683,distr,Non Alimentare,,settore_merceologico,
229,borghi,9.15870984856,45.4667243299,distr,non alimentare,,settore_merceologico,
230,concess.lancia saicar,9.14025591523,45.5002373071,distr,non alimentare,,settore_merceologico,
231,le copen,,,distr,non alimentare,,settore_merceologico,
232,,,,distr,Non Alimentare,,settore_merceologico,
233,,9.19713258636,45.4656162338,distr,Non Alimentare,,settore_merceologico,
234,,9.18650926498,45.4627341212,distr,Alimentare|Non Alimentare,,settore_merceologico,
235,,9.18175754648,45.4712484964,distr,Non Alimentare,,settore_merceologico,
236,,9.19153736956,45.4582158796,distr,non alimentare,,settore_merceologico,
237,punto sma,9.18173635775,45.4716204823,distr,alimentare|non alimentare,,settore_merceologico,
238,acquazzurra,,,distr,alimentare|non alimentare,,settore_merceologico,
239,,9.18600320658,45.4659922188,distr,Non Alimentare,,settore_merceologico,
240,,9.15051234993,45.493131372,distr,non alimentare,,settore_merceologico,
241,,9.19780798925,45.4649182569,distr,non alimentare,,settore_merceologico,
242,calzature abbigliamento,9.18564124441,45.4724559753,distr,Non Alimentare,,settore_merceologico,
243,,9.18246689818,45.4939223344,distr,non alimentare,,settore_merceologico,
244,,9.19922266177,45.4598836699,distr,non alimentare,,settore_merceologico,
245,,9.18979254842,45.4730413301,distr,Non Alimentare,,settore_merceologico,
246,conad,9.1737896876,45.5139184104,distr,alimentare|non alimentare,,settore_merceologico,
247,carrefour,,,distr,alimentare|non alimentare,,settore_merceologico,
248,salvini,9.16497937991,45.4560918369,distr,alimentare|non alimentare,,settore_merceologico,
249,,9.23468806504,45.4708435314,distr,non alimentare,,settore_merceologico,
250,,9.19823889108,45.4678378244,distr,Non Alimentare,,settore_merceologico,
251,,,,distr,non alimentare,,settore_merceologico,
252,,9.19343576768,45.4705548749,distr,non alimentare,,settore_merceologico,
253,,9.19360941189,45.4690357001,distr,Non Alimentare,,settore_merceologico,
254,,9.18317154196,45.4609511852,distr,non alimentare,,settore_merceologico,
255,,9.18421232201,45.4705601816,distr,alimentare|non alimentare,,settore_merceologico,
256,,9.19608696396,45.4686537284,distr,non alimentare,,settore_merceologico,
257,,9.18210764913,45.4714865088,distr,Alimentare|Non Alimentare,,settore_merceologico,
258,etro,9.1956629661,45.4677775374,distr,non alimentare,,settore_merceologico,
259,,9.19791902453,45.4674139065,distr,Non Alimentare,,settore_merceologico,
260,morotti arredamenti,9.21890139399,45.4940992106,distr,non alimentare,,settore_merceologico,
261,carrefour,,,distr,alimentare|non alimentare,,settore_merceologico,
262,,9.18702148449,45.4519025086,distr,Alimentare|Non Alimentare,,settore_merceologico,
263,,9.21037123992,45.479972797,distr,Non Alimentare,,settore_merceologico,
264,carrefour,9.21732121221,45.4808205317,distr,alimentare|non alimentare,,settore_merceologico,
265,super union,9.21560517744,45.4564574923,distr,non alimentare,,settore_merceologico,
266,,9.17100480683,45.5175677475,distr,,,settore_merceologico,
267,bernardi abbigliamento,9.18447265656,45.4890523882,distr,non alimentare,,settore_merceologico,
268,,9.14687852222,45.5139630324,distr,Alimentare|Non Alimentare,,settore_merceologico,
269,,9.18151644951,45.471470812,distr,Non Alimentare,,settore_merceologico,
270,,9.15055682675,45.4907468073,distr,non alimentare,,settore_merceologico,
271,evolution,9.23616839755,45.4351065441,distr,non alimentare,,settore_merceologico,
272,,9.14236035599,45.475101623,distr,non alimentare,,settore_merceologico,
273,,9.14620691363,45.4900956807,distr,non alimentare,,settore_merceologico,
274,marella,9.19421296043,45.465321535,distr,Non Alimentare,,settore_merceologico,
275,,9.183637528027482,45.4849632772223,distr,non alimentare,,settore_merceologico,
276,vannucci,,,distr,non alimentare,,settore_merceologico,
277,brandy,9.18041300326,45.4658225409,distr,non alimentare,,settore_merceologico,
278,castelli elaborazioni elt,9.20939013639421,45.5012760428819,distr,non alimentare|tabella speciale carburanti,,settore_merceologico,
279,picking pack service,9.19705535503,45.4627949331,distr,non alimentare,,settore_merceologico,
280,punto sma,9.16026143046,45.4860584694,distr,alimentare|non alimentare,,settore_merceologico,
281,matuella,9.20560046958,45.4755986285,distr,non alimentare,,settore_merceologico,
282,,9.13422074179,45.4645426617,distr,non alimentare,,settore_merceologico,
283,,9.18524696265,45.4929932242,distr,non alimentare,,settore_merceologico,
284,grimaldi motors,9.1647929135,45.4798287599,distr,non alimentare,,settore_merceologico,
285,hass dal 1811,,,distr,non alimentare,,settore_merceologico,
286,,9.18600322338,45.4922446317,distr,non alimentare,,settore_merceologico,
287,carrefour,,,distr,alimentare|non alimentare,,settore_merceologico,
288,punto sma,9.18175754648,45.4712484964,distr,alimentare|non alimentare,,settore_merceologico,
289,carrefour,,,distr,alimentare|non alimentare,,settore_merceologico,
290,,9.19730749968,45.4840421912,distr,alimentare|non alimentare,,settore_merceologico,
291,,9.20882575926,45.4784132512,distr,non alimentare,,settore_merceologico,
292,,9.20882575926,45.4784132512,distr,Non Alimentare,,settore_merceologico,
293,,9.22853466063,45.4861717073,distr,Non Alimentare,,settore_merceologico,
294,di per di,,,distr,alimentare|non alimentare,,settore_merceologico,
295,flli fumagalli garden,,,distr,non alimentare,,settore_merceologico,
296,,9.19418783582,45.4712760796,distr,Non Alimentare,,settore_merceologico,
297,bershka,9.18730859773,45.4632694555,distr,non alimentare,,settore_merceologico,
298,,9.19610816298,45.4668030056,distr,alimentare|non alimentare,,settore_merceologico,
299,,9.17818542131,45.4532670317,distr,non alimentare,,settore_merceologico,
300,proto arredamenti,9.14731616919,45.4519977664,distr,non alimentare,,settore_merceologico,
301,,9.15952094562,45.4465967538,distr,alimentare|non alimentare,,settore_merceologico,
302,,9.23407606263,45.465517448,distr,non alimentare,,settore_merceologico,
303,banner,,,distr,non alimentare,,settore_merceologico,
304,,,,distr,Non Alimentare,,settore_merceologico,
305,,9.18222846236,45.4607502746,distr,Non Alimentare,,settore_merceologico,
306,punto sma,9.17237509198,45.4799600483,distr,alimentare|non alimentare,,settore_merceologico,
307,,9.16492496987,45.463995514,distr,non alimentare,,settore_merceologico,
308,,9.19745739477,45.4638273438,distr,Non Alimentare,,settore_merceologico,
309,supermercati di x di,9.17384867507,45.4811631056,distr,alimentare|non alimentare,,settore_merceologico,
310,punto sma,9.22198248055,45.4794437231,distr,alimentare|non alimentare,,settore_merceologico,
311,di perdi,9.17610193894,45.4455488817,distr,alimentare|non alimentare,,settore_merceologico,
312,,9.18358025033,45.4668413826,distr,non alimentare,,settore_merceologico,
313,pabocar service,9.1700687267,45.4856693583,distr,non alimentare,,settore_merceologico,
314,,9.1985920481,45.4665552266,distr,non alimentare,,settore_merceologico,
315,interno ipercoop,9.11479754273,45.495837865,distr,non alimentare,,settore_merceologico,
316,,9.18404305947,45.4602652233,distr,non alimentare,,settore_merceologico,
317,carrefour,,,distr,alimentare|non alimentare,,settore_merceologico,
318,,9.1111878345,45.498849433,distr,non alimentare,,settore_merceologico,
319,idea bricolage,9.17233640692,45.4970892218,distr,non alimentare,,settore_merceologico,
320,dolce e gabbana,9.19856580089,45.4687149902,distr,non alimentare,,settore_merceologico,
321,docks dora,9.23497036848,45.4363029985,distr,non alimentare,,settore_merceologico,
322,spotti modern living,9.2063976072,45.4722203199,distr,non alimentare,,settore_merceologico,
323,,9.1940292908,45.4656134048,distr,Alimentare|Non Alimentare,,settore_merceologico,
324,playlife,9.2079191045,45.4764267856,distr,alimentare|non alimentare,,settore_merceologico,
325,mobili vercesi,9.21726927055,45.4887364556,distr,non alimentare,,settore_merceologico,
326,,9.17017029611,45.4839693082,distr,alimentare|non alimentare,,settore_merceologico,
327,,9.18501804867,45.4613294946,distr,non alimentare,,settore_merceologico,
328,,9.2033727089,45.4962053214,distr,non alimentare,,settore_merceologico,
329,,9.19664640159,45.4642554048,distr,Alimentare|Tabella speciale Farmacie,,settore_merceologico,
330,,9.1943810386,45.4677961559,distr,Non Alimentare,,settore_merceologico,
331,ader,9.18196305855,45.464748989,distr,Non Alimentare,,settore_merceologico,
332,supermercato,9.17237509198,45.4799600483,distr,alimentare|non alimentare,,settore_merceologico,
333,farmacia scevola,9.20430177294,45.5120447919,distr,tabella speciale farmacie,,settore_merceologico,
334,unes u! come tu mi vuoi,9.23122794533,45.4849852945,distr,alimentare|non alimentare,,settore_merceologico,
335,carrefour,9.22922678289,45.4656605665,distr,alimentare|non alimentare,,settore_merceologico,
336,carrefour,9.18188424512,45.4713327987,distr,alimentare|non alimentare,,settore_merceologico,
337,,9.1886109856,45.4763981471,distr,non alimentare,,settore_merceologico,
338,punto sma,9.15481307929,45.4538570549,distr,alimentare|non alimentare,,settore_merceologico,
339,in s mercato,9.1479264219,45.4948964389,distr,alimentare|non alimentare,,settore_merceologico,
340,,9.16816392488,45.4653198204,distr,Alimentare|Non Alimentare,,settore_merceologico,
341,pam,9.2306926661,45.4968678792,distr,,,settore_merceologico,
342,aica concessionaria fiat,,,distr,non alimentare,,settore_merceologico,
343,della fonte,9.16012985311,45.466410483,distr,non alimentare,,settore_merceologico,
344,,9.18067009676,45.4969564335,distr,non alimentare,,settore_merceologico,
345,a. bellomi,9.23037157618,45.4672492787,distr,non alimentare,,settore_merceologico,
346,avalon,9.20579355469,45.4814221453,distr,non alimentare,,settore_merceologico,
347,emporio isola,9.16850172059,45.4799273126,distr,non alimentare,,settore_merceologico,
348,frigerio gomme,9.22440518383,45.467450592,distr,non alimentare,,settore_merceologico,
349,buffwtti,9.17832348581,45.4680241796,distr,non alimentare,,settore_merceologico,
350,alviero martini,9.19403268064,45.4670567704,distr,non alimentare,,settore_merceologico,
351,,9.18705860213,45.4678347507,distr,non alimentare,,settore_merceologico,
352,,9.17406217788,45.4539643149,distr,non alimentare,,settore_merceologico,
353,blockbuster,9.21707217499,45.4648736882,distr,alimentare|non alimentare,,settore_merceologico,
354,,9.20779561711,45.4481459736,distr,non alimentare,,settore_merceologico,
355,giaguaro srl,9.16660765925,45.4443452004,distr,non alimentare,,settore_merceologico,
356,golf house,9.12223683503,45.500643618,distr,non alimentare,,settore_merceologico,
357,,9.19449583174,45.4676140078,distr,non alimentare,,settore_merceologico,
358,,9.12876382525,45.5113900668,distr,non alimentare,,settore_merceologico,
359,punto sma,9.15501399829,45.4682898025,distr,alimentare|non alimentare,,settore_merceologico,
360,,9.21401672582,45.4931814531,distr,non alimentare,,settore_merceologico,
361,,9.22067117003,45.5000583181,distr,Alimentare|Non Alimentare,,settore_merceologico,
362,,9.1991931706,45.441408119,distr,Non Alimentare,,settore_merceologico,
363,armani/emporio armani,9.19310030281,45.4705617955,distr,non alimentare,,settore_merceologico,
364,,9.16231127065,45.5285156456,distr,non alimentare,,settore_merceologico,
365,,9.19466912545,45.4738648153,distr,Non Alimentare,,settore_merceologico,
366,,9.15494706707,45.4548096997,distr,Alimentare|Non Alimentare,,settore_merceologico,
367,,9.20350666199,45.4794945469,distr,non alimentare,,settore_merceologico,
368,,9.18441118366,45.4686371987,distr,Non Alimentare,,settore_merceologico,
369,,9.23449163685,45.4836322035,distr,non alimentare,,settore_merceologico,
370,antiquario,9.19381795634,45.4652037908,distr,Non Alimentare|Alimentare,,settore_merceologico,
371,,9.1961237633,45.4708297304,distr,Non Alimentare,,settore_merceologico,
372,armani/armani jeans,9.19310030281,45.4705617955,distr,non alimentare,,settore_merceologico,
373,,9.23293024157,45.4988362713,distr,non alimentare,,settore_merceologico,
374,boggi milano e brian berr,9.21599060733,45.4850964857,distr,non alimentare,,settore_merceologico,
375,citroen,9.16143462385,45.460953663,distr,non alimentare,,settore_merceologico,
376,,9.20264124326,45.4823738583,distr,Alimentare|Non Alimentare,,settore_merceologico,
377,bbb,9.19716253743,45.4665824301,distr,Non Alimentare,,settore_merceologico,
378,,9.22362004876,45.5097969166,distr,non alimentare,,settore_merceologico,
379,,9.19421296043,45.465321535,distr,Non Alimentare,,settore_merceologico,
380,,9.18650926498,45.4627341212,distr,non alimentare,,settore_merceologico,
381,hb casa,9.15231360602,45.4903190921,distr,non alimentare,,settore_merceologico,
382,liu.jo,9.19641794443,45.4656447574,distr,Non Alimentare,,settore_merceologico,
383,,9.19624915741,45.4672859904,distr,Non Alimentare,,settore_merceologico,
384,,9.22351725298,45.5049027335,distr,non alimentare,,settore_merceologico,
385,,9.21365051739,45.4526847773,distr,non alimentare,,settore_merceologico,
386,,9.19857786736,45.4682189192,distr,Non Alimentare,,settore_merceologico,
387,,9.21452284123,45.465827193,distr,non alimentare,,settore_merceologico,
388,,9.21192329324,45.4587173577,distr,non alimentare,,settore_merceologico,
389,emporio del libro,9.21077749677,45.4797559003,distr,non alimentare,,settore_merceologico,
390,,9.16235857751,45.4370529398,distr,non alimentare,,settore_merceologico,
391,tecno,9.19299170384,45.4694960471,distr,non alimentare,,settore_merceologico,
392,centro moda l E m,,,distr,non alimentare,,settore_merceologico,
393,,9.15200877164,45.4912947818,distr,non alimentare,,settore_merceologico,
394,,9.18169184285,45.4911477759,distr,Non Alimentare,,settore_merceologico,
395,canali,9.19380558124,45.4673442398,distr,non alimentare,,settore_merceologico,
396,piaggio,9.16409713044,45.4814199392,distr,non alimentare,,settore_merceologico,
397,,9.18743781412,45.4819253615,distr,non alimentare,,settore_merceologico,
398,,9.14784913946,45.5002514567,distr,Non Alimentare,,settore_merceologico,
399,sisley,9.19718089504,45.4656742027,distr,non alimentare,,settore_merceologico,
400,spazio fitecarraldo,9.2011971766,45.4526162396,distr,non alimentare,,settore_merceologico,
401,,9.2093272695,45.4790869197,distr,Non Alimentare,,settore_merceologico,
402,di per di,9.17819218632,45.4552961699,distr,alimentare|non alimentare,,settore_merceologico,
403,,,,distr,non alimentare,,settore_merceologico,
404,sagam,9.21000450006,45.5219747124,distr,non alimentare,,settore_merceologico,
405,tecno,9.19299170384,45.4694960471,distr,non alimentare,,settore_merceologico,
406,,9.18952035408,45.4509708986,distr,Non Alimentare,,settore_merceologico,
407,,9.15966873438,45.4663731309,distr,Non Alimentare,,settore_merceologico,
408,smart,,,distr,non alimentare,,settore_merceologico,
409,guess,,,distr,non alimentare,,settore_merceologico,
410,,,,distr,non alimentare,,settore_merceologico,
411,,9.21178486117,45.4683015983,distr,non alimentare,,settore_merceologico,
412,autogiolli,9.17904321802505,45.4424760697544,distr,non alimentare,,settore_merceologico,
413,mercedes benz milano,9.21923127845,45.4881748036,distr,non alimentare,,settore_merceologico,
414,,,,distr,non alimentare,,settore_merceologico,
415,prodotti per non vedenti,9.16271045747,45.4795135764,distr,non alimentare,,settore_merceologico,
416,,9.1690758744,45.5168322479,distr,non alimentare,,settore_merceologico,
417,,9.20930991188,45.4595755155,distr,non alimentare,,settore_merceologico,
418,,9.19641315248,45.4667906666,distr,Non Alimentare,,settore_merceologico,
419,,9.1950186067,45.46850189,distr,Non Alimentare,,settore_merceologico,
420,carrefour,,,distr,alimentare|non alimentare,,settore_merceologico,
421,versace,9.19498723566,45.4683546491,distr,alimentare|non alimentare,,settore_merceologico,
422,,9.21916952985211,45.4980436142578,distr,non alimentare,,settore_merceologico,
423,,9.17045334248,45.5210172896,distr,non alimentare,,settore_merceologico,
424,,9.19734753190108,45.463698154223,distr,Non Alimentare,,settore_merceologico,
425,stefanel,9.1895970373,45.46478924,distr,non alimentare,,settore_merceologico,
426,farmacia,,,distr,tabella speciale farmacie,,settore_merceologico,
427,,9.13874557093,45.4982247987,distr,Non Alimentare,,settore_merceologico,
428,alberto germani sportrend,9.16414278041,45.466107746,distr,non alimentare,,settore_merceologico,
429,armani/emporio armani,9.19310030281,45.4705617955,distr,non alimentare,,settore_merceologico,
430,,9.21326157895,45.482505165,distr,non alimentare,,settore_merceologico,
431,,9.21196301483,45.4812031394,distr,Alimentare|Non Alimentare,,settore_merceologico,
432,co. import,9.18953971646,45.462297017,distr,non alimentare,,settore_merceologico,
433,,9.19597570544,45.4675141575,distr,Non Alimentare,,settore_merceologico,
434,,9.18443632451,45.4608369753,distr,Non Alimentare,,settore_merceologico,
435,,,,distr,non alimentare,,settore_merceologico,
436,,9.18289417471,45.4520219489,distr,non alimentare,,settore_merceologico,
437,di x di il supermercato,,,distr,alimentare|non alimentare,,settore_merceologico,
438,melchionni diffusione,9.22702472603,45.5169606741,distr,non alimentare,,settore_merceologico,
439,meazza,9.18142010981,45.4613542653,distr,non alimentare,,settore_merceologico,
440,,9.16258005701,45.4778399909,distr,non alimentare,,settore_merceologico,
441,punto market,9.15333080082,45.4415972383,distr,alimentare|non alimentare,,settore_merceologico,
442,carrefour,9.18173635775,45.4716204823,distr,Alimentare|non alimentare,,settore_merceologico,
443,,9.19806755977,45.4676315083,distr,Non Alimentare,,settore_merceologico,
444,,,,distr,Alimentare|Non Alimentare,,settore_merceologico,
445,,9.18925350874,45.4838533522,distr,Non Alimentare,,settore_merceologico,
446,,9.20656693104,45.5223569879,distr,Non Alimentare|Alimentare,,settore_merceologico,
447,gold market,9.21995025547,45.4905103523,distr,non alimentare,,settore_merceologico,
448,frette,9.19142919133,45.4691468758,distr,non alimentare,,settore_merceologico,
449,,9.17371067301,45.4421213563,distr,non alimentare,,settore_merceologico,
450,euronics,9.20083907192,45.4768221985,distr,non alimentare,,settore_merceologico,
451,,9.1843239011,45.4664988951,distr,Non Alimentare,,settore_merceologico,
452,,9.20051142077,45.4702740118,distr,Non Alimentare,,settore_merceologico,
453,mitsubishi motors,9.13688538352,45.4969350752,distr,non alimentare,,settore_merceologico,
454,,9.19291029107,45.4867669053,distr,non alimentare,,settore_merceologico,
455,,9.20023654907,45.4677458539,distr,non alimentare,,settore_merceologico,
456,,9.19262893639,45.4647815552,distr,alimentare|Non Alimentare,,settore_merceologico,
457,centro botanico,9.18001819471,45.4598737897,distr,alimentare|non alimentare,,settore_merceologico,
458,,9.19463777856,45.4688506632,distr,Non Alimentare,,settore_merceologico,
459,,9.2179780935,45.4614060718,distr,non alimentare,,settore_merceologico,
460,,,,distr,Alimentare|Non Alimentare,,settore_merceologico,
461,,9.16005162905,45.4838222777,distr,non alimentare,,settore_merceologico,
462,,9.20531394717,45.4442437447,distr,non alimentare,,settore_merceologico,
463,,9.16356793105,45.4443041302,distr,Non Alimentare,,settore_merceologico,
464,,9.20021008437,45.4399239681,distr,Non Alimentare|Alimentare,,settore_merceologico,
465,tod s,9.19732147464,45.469840029,distr,non alimentare,,settore_merceologico,
466,,9.14484615181,45.467178152,distr,alimentare|non alimentare,,settore_merceologico,
467,f.lli civeni ass. e vend.,9.1519281244,45.4708952674,distr,non alimentare,,settore_merceologico,
468,,9.18600355896,45.4617618562,distr,Non Alimentare,,settore_merceologico,
469,,9.19443005784,45.4678713143,distr,Non Alimentare,,settore_merceologico,
470,giussani,9.1737896876,45.5139184104,distr,non alimentare,,settore_merceologico,
471,,9.21044858924,45.4800432417,distr,Non Alimentare,,settore_merceologico,
472,,9.12889555243,45.4667382326,distr,alimentare|non alimentare,,settore_merceologico,
473,,,,distr,non alimentare,,settore_merceologico,
474,,9.17950486162,45.4480815994,distr,non alimentare,,settore_merceologico,
475,cervi arredamenti,,,distr,non alimentare,,settore_merceologico,
476,gianni campagna,9.2019457447,45.4719819715,distr,non alimentare,,settore_merceologico,
477,larusmiani,9.19506919723,45.4679595965,distr,non alimentare,,settore_merceologico,
478,cdc poin spa,9.19231494938,45.4970095113,distr,non alimentare,,settore_merceologico,
479,,9.24394920598,45.455243169,distr,non alimentare,,settore_merceologico,
480,,9.15242088105,45.4347631378,distr,Non Alimentare,,settore_merceologico,
481,,9.22236044592,45.513076447,distr,non alimentare,,settore_merceologico,
482,conbipel,9.15373450593,45.4671018465,distr,non alimentare,,settore_merceologico,
483,prada,9.19573001648,45.4678896016,distr,non alimentare,,settore_merceologico,
484,,9.18600320658,45.4659922188,distr,Non Alimentare,,settore_merceologico,
485,,9.18418525561,45.4574439024,distr,non alimentare,,settore_merceologico,
486,,9.1967432303,45.4676028887,distr,Non Alimentare,,settore_merceologico,
487,punto sma,,,distr,alimentare|non alimentare,,settore_merceologico,
488,,,,distr,Non Alimentare,,settore_merceologico,
489,penny market,,,distr,Alimentare|non alimentare,,settore_merceologico,
490,,9.19343576768,45.4705548749,distr,Non Alimentare,,settore_merceologico,
491,,9.17237509198,45.4799600483,distr,Alimentare|Non Alimentare,,settore_merceologico,
492,m.c. selvini,9.21004304299,45.4686639195,distr,non alimentare,,settore_merceologico,
493,penny market,,,distr,alimentare|non alimentare,,settore_merceologico,
494,,9.0911587678,45.4663406703,distr,non alimentare,,settore_merceologico,
495,penny market,,,distr,Alimentare|Non Alimentare,,settore_merceologico,
496,vetrofania,9.19814399727,45.4650465176,distr,non alimentare,,settore_merceologico,
497,,9.1709211628,45.4771186365,distr,Alimentare|Non Alimentare,,settore_merceologico,
498,sveziacar spa,9.11635606794,45.4477935499,distr,non alimentare,,settore_merceologico,
499,,,,distr,non alimentare,,settore_merceologico,
500,,9.19489268447,45.4668537616,distr,Non Alimentare,,settore_merceologico,
501,,,,distr,non alimentare,,settore_merceologico,
502,,9.11672472216,45.4719983657,distr,Non Alimentare,,settore_merceologico,
503,,9.13738446697,45.4972114357,distr,non alimentare,,settore_merceologico,
504,,9.21000450006,45.5219747124,distr,non alimentare,,settore_merceologico,
505,,9.1796105683,45.465782706,distr,non alimentare,,settore_merceologico,
506,tessuti raponi,9.23736037309,45.4868751203,distr,non alimentare,,settore_merceologico,
507,,9.18287327083,45.460594816,distr,Alimentare|Non Alimentare,,settore_merceologico,
508,,9.1906702754,45.4650385364,distr,Non Alimentare,,settore_merceologico,
509,,,,distr,Non Alimentare,,settore_merceologico,
510,,9.20649289192,45.4755278834,distr,Non Alimentare,,settore_merceologico,
511,,9.08776056004,45.4764242108,distr,|Non Alimentare,,settore_merceologico,
512,,9.21985478661,45.437905863,distr,alimentare|non alimentare,,settore_merceologico,
513,,9.19066494117,45.4657397633,distr,Non Alimentare,,settore_merceologico,
514,corso europa emporio casa,9.19599185349,45.4636260258,distr,non alimentare,,settore_merceologico,
515,,9.15244916335,45.4621886033,distr,non alimentare,,settore_merceologico,
516,,9.1950186067,45.46850189,distr,Non Alimentare,,settore_merceologico,
517,geco sanitari,9.25304781064,45.5118970181,distr,non alimentare,,settore_merceologico,
518,,9.18742900719,45.4629031929,distr,non alimentare,,settore_merceologico,
519,lancia,9.1794009864,45.4453420305,distr,non alimentare,,settore_merceologico,
520,fondazione metropolitan,9.18861059039,45.4572397203,distr,non alimentare,,settore_merceologico,
521,galleria carla sozzani,9.18743781412,45.4819253615,distr,non alimentare,,settore_merceologico,
522,in s mercato,9.24118510714,45.4860223383,distr,alimentare,,settore_merceologico,
523,centro marmitte,9.17013669456,45.4418596241,distr,non alimentare,,settore_merceologico,
524,,9.16012476848,45.474394229,distr,Alimentare|Non Alimentare,,settore_merceologico,
525,white star adventure,9.19227519744,45.4672559033,distr,non alimentare,,settore_merceologico,
526,,9.14755146847,45.4902083015,distr,non alimentare,,settore_merceologico,
527,,9.21772429237524,45.4888277038404,distr,non alimentare,,settore_merceologico,
528,ipercoop,9.11479754273,45.495837865,distr,alimentare|non alimentare,,settore_merceologico,
529,,,,distr,Alimentare|Non Alimentare,,settore_merceologico,
530,,9.19227519744,45.4672559033,distr,non alimentare,,settore_merceologico,
531,,,,distr,non alimentare,,settore_merceologico,
532,,9.20615663435,45.4763359511,distr,non alimentare,,settore_merceologico,
533,,9.19558306348,45.4663578483,distr,non alimentare,,settore_merceologico,
534,,9.16044558184,45.4453112787,distr,non alimentare,,settore_merceologico,
535,,9.1843239011,45.4664988951,distr,Non Alimentare,,settore_merceologico,
536,,9.17535764048,45.4134472699,distr,Non Alimentare,,settore_merceologico,
537,,9.2394266817,45.4731985614,distr,non alimentare,,settore_merceologico,
538,chanel,,,distr,Non Alimentare,,settore_merceologico,
539,sony italia spa.,9.19310030281,45.4705617955,distr,non alimentare,,settore_merceologico,
540,,9.16012985311,45.466410483,distr,non alimentare,,settore_merceologico,
541,aspesi,,,distr,non alimentare,,settore_merceologico,
542,,9.13319173531,45.4684714216,distr,Non Alimentare,,settore_merceologico,
543,,9.16216076655,45.4664773043,distr,non alimentare,,settore_merceologico,
544,,,,distr,Non Alimentare,,settore_merceologico,
545,,9.1883833525,45.4634024323,distr,Non Alimentare|Alimentare,,settore_merceologico,
546,in s mercato,,,distr,alimentare|non alimentare,,settore_merceologico,
547,,9.22495003141,45.5148576093,distr,non alimentare,,settore_merceologico,
548,,,,distr,alimentare|non alimentare,,settore_merceologico,
549,,,,distr,non alimentare,,settore_merceologico,
550,,9.19467794375,45.4691390647,distr,Non Alimentare,,settore_merceologico,
551,,,,distr,Non Alimentare,,settore_merceologico,
552,,9.19227519744,45.4672559033,distr,Non Alimentare,,settore_merceologico,
553,,,,distr,Non Alimentare,,settore_merceologico,
554,,9.15613676602,45.4561226313,distr,Alimentare|Non Alimentare,,settore_merceologico,
555,,,,distr,Non Alimentare,,settore_merceologico,
556,,,,distr,Non Alimentare,,settore_merceologico,
557,,9.18955580719,45.4678384992,distr,Non Alimentare,,settore_merceologico,
558,,9.19986181769,45.4510187903,distr,Non Alimentare,,settore_merceologico,
559,,9.21439161184144,45.4616513349859,distr,Non Alimentare,,settore_merceologico,
560,,9.19505614726,45.4674242686,distr,Non Alimentare,,settore_merceologico,
561,special market dugan,9.20463815548,45.4548580098,distr,alimentare|non alimentare,,settore_merceologico,
562,in s mercato,9.13887395683,45.4992718423,distr,alimentare|non alimentare,,settore_merceologico,
563,in s mercato,9.22796489957,45.4935763434,distr,alimentare|non alimentare,,settore_merceologico,
564,penny market,,,distr,alimentare|non alimentare,,settore_merceologico,
565,in s mercato,9.22702472603,45.5169606741,distr,alimentare|non alimentare,,settore_merceologico,
566,prada,9.19618676691,45.4675290388,distr,non alimentare,,settore_merceologico,
567,,9.1539871842,45.4887401685,distr,non alimentare,,settore_merceologico,
568,,9.1881957576,45.464238686,distr,non alimentare,,settore_merceologico,
569,bassetti,9.20382852854,45.4527378606,distr,non alimentare,,settore_merceologico,
570,chateau d ax,9.21159536393,45.4466981782,distr,non alimentare,,settore_merceologico,
571,,9.24205947098,45.5054372141,distr,non alimentare,,settore_merceologico,
572,,9.19800321293,45.4642421515,distr,non alimentare,,settore_merceologico,
573,,9.18405845972,45.4733400033,distr,non alimentare,,settore_merceologico,
574,,9.18596186272,45.4942487865,distr,non alimentare,,settore_merceologico,
575,carrefour,,,distr,alimentare|non alimentare,,settore_merceologico,
576,il pentagono,9.17347581998,45.4435937189,distr,non alimentare,,settore_merceologico,
577,sma supermercati alimenta,,,distr,alimentare|non alimentare,,settore_merceologico,
578,unes,9.20898544377,45.4516809837,distr,alimentare|non alimentare,,settore_merceologico,
579,,9.16215633291,45.4642723536,distr,non alimentare,,settore_merceologico,
580,,9.25573473215,45.4875854265,distr,non alimentare,,settore_merceologico,
581,,9.13139313707,45.4994373748,distr,Non Alimentare,,settore_merceologico,
582,in s mercato,9.18792227297,45.4971365258,distr,alimentare|non alimentare,,settore_merceologico,
583,,9.1539871842,45.4887401685,distr,Non Alimentare|Alimentare,,settore_merceologico,
584,,9.19097061766,45.464787716,distr,non alimentare|tabella speciale monopolio,,settore_merceologico,
585,midas,9.11890652842,45.4447841699,distr,non alimentare,,settore_merceologico,
586,,9.18282462421,45.490344173,distr,non alimentare,,settore_merceologico,
587,,,,distr,non alimentare,,settore_merceologico,
588,,9.22738551036,45.5201832792,distr,Alimentare|Non Alimentare,,settore_merceologico,
589,,9.1673013946,45.4451299131,distr,non alimentare,,settore_merceologico,
590,in s mercato,,,distr,,,settore_merceologico,
591,,,,distr,Non Alimentare,,settore_merceologico,
592,sma centro freschezza,,,distr,alimentare|non alimentare,,settore_merceologico,
593,,9.17492858335,45.456967632,distr,non alimentare,,settore_merceologico,
594,,9.19543360178,45.465341227,distr,Non Alimentare,,settore_merceologico,
595,,9.18661936077,45.4485358297,distr,Alimentare|Non Alimentare,,settore_merceologico,
596,unes,9.15848075912,45.4732015587,distr,alimentare|non alimentare,,settore_merceologico,
597,unes,9.1570758632,45.4842900042,distr,alimentare|non alimentare,,settore_merceologico,
598,,9.12298124516,45.4458221918,distr,Non Alimentare,,settore_merceologico,
599,,9.19194800575,45.4926268186,distr,non alimentare,,settore_merceologico,
600,,,,distr,alimentare|non alimentare,,settore_merceologico,
601,coop,9.24457024225,45.4311961998,distr,alimentare|non alimentare,,settore_merceologico,
602,d. E g.,9.19815212887,45.4677381086,distr,non alimentare,,settore_merceologico,
603,,9.19319655369,45.4697416996,distr,Non Alimentare,,settore_merceologico,
604,,9.18888369444,45.4833032416,distr,Non Alimentare,,settore_merceologico,
605,,9.23293024157,45.4988362713,distr,non alimentare,,settore_merceologico,
606,,9.18374392461,45.4912000846,distr,non alimentare,,settore_merceologico,
607,penny market,,,distr,alimentare|non alimentare,,settore_merceologico,
608,,,,distr,Alimentare|Non Alimentare,,settore_merceologico,
609,varco spa.,9.17129673284,45.4360266325,distr,non alimentare,,settore_merceologico,
610,libreria del corso,9.21186115956,45.4814674766,distr,non alimentare,,settore_merceologico,
611,,9.22360795744892,45.4438574921051,distr,alimentare|non alimentare,,settore_merceologico,
612,,9.19843489637,45.4459704651,distr,Non Alimentare|Alimentare,,settore_merceologico,
613,fiat succ. vendita assist,9.12311043712,45.4993089464,distr,non alimentare,,settore_merceologico,
614,,9.19543360178,45.465341227,distr,Non Alimentare,,settore_merceologico,
615,,9.18651348665523,45.4648490413709,distr,Non Alimentare,,settore_merceologico,
616,penny market,,,distr,alimentare|non alimentare,,settore_merceologico,
617,,9.1416067426,45.4714084518,distr,Alimentare|Non Alimentare,,settore_merceologico,
618,,9.19713258636,45.4656162338,distr,Non Alimentare,,settore_merceologico,
619,,9.22455683655,45.4387641127,distr,Non Alimentare,,settore_merceologico,
620,sma supermercati alimenta,9.15087552832,45.4940224555,distr,alimentare|non alimentare,,settore_merceologico,
621,punto sma,9.18596186272,45.4942487865,distr,alimentare|non alimentare,,settore_merceologico,
622,,9.22318715646,45.506853349,distr,Non Alimentare,,settore_merceologico,
623,,9.18781400203,45.4630725364,distr,non alimentare,,settore_merceologico,
624,,9.19653183157,45.4689057379,distr,Non Alimentare,,settore_merceologico,
625,nuova eco srl.,9.22532608637,45.5026356969,distr,non alimentare,,settore_merceologico,
626,sma supermercati alimenta,9.16976876721,45.520186337,distr,alimentare|non alimentare,,settore_merceologico,
627,,9.18681189800946,45.4646080636514,distr,Non Alimentare,,settore_merceologico,
628,,,,distr,Non Alimentare|Alimentare,,settore_merceologico,
629,d E g.,9.19869319054,45.4683660114,distr,non alimentare,,settore_merceologico,
630,prada,,,distr,non alimentare,,settore_merceologico,
631,,9.15055682675,45.4907468073,distr,Non Alimentare,,settore_merceologico,
632,salmoiraghi vigano,9.19716253743,45.4665824301,distr,Non Alimentare,,settore_merceologico,
633,,9.14656440125,45.4908109428,distr,non alimentare,,settore_merceologico,
634,,,,distr,non alimentare,,settore_merceologico,
635,farmacia cassiodoro,9.16012476848,45.474394229,distr,Tabella speciale Farmacie|Alimentare|Non Alimentare,,settore_merceologico,
636,,9.09317726564,45.4588668031,distr,,,settore_merceologico,
637,,9.09317726564,45.4588668031,distr,non alimentare,,settore_merceologico,
638,,9.21509502018,45.4369689232,distr,non alimentare,,settore_merceologico,
639,,9.12298124516,45.4458221918,distr,Non Alimentare,,settore_merceologico,
640,land rover,9.15408924967,45.4543724077,distr,non alimentare,,settore_merceologico,
641,max E co,9.19451937464,45.4654671534,distr,non alimentare,,settore_merceologico,
642,bardelli,9.1794348192,45.4656172748,distr,non alimentare,,settore_merceologico,
643,natuzzi,9.19840459847,45.4650823653,distr,non alimentare,,settore_merceologico,
644,mango,9.18722243836,45.4627410547,distr,non alimentare,,settore_merceologico,
645,lidl,9.24119445733,45.4809062051,distr,alimentare|non alimentare,,settore_merceologico,
646,in s mercato,9.17389301467,45.4047468401,distr,alimentare|non alimentare,,settore_merceologico,
647,,9.15597785377,45.4394907645,distr,non alimentare,,settore_merceologico,
648,,,,distr,alimentare|non alimentare,,settore_merceologico,
649,,9.19335078016,45.4650438149,distr,Non Alimentare,,settore_merceologico,
650,,9.19685101867051,45.4631836729811,distr,Non Alimentare,,settore_merceologico,
651,,9.22455683655,45.4387641127,distr,non alimentare,,settore_merceologico,
652,,9.13803241329116,45.5073925941426,distr,non alimentare,,settore_merceologico,
653,,9.14717229594,45.4573439043,distr,non alimentare,,settore_merceologico,
654,penny market,,,distr,alimentare|non alimentare,,settore_merceologico,
655,,9.19104146636,45.4655501857,distr,Non Alimentare,,settore_merceologico,
656,koivu,9.19664640159,45.4642554048,distr,non alimentare,,settore_merceologico,
657,,9.20583219311,45.4520206444,distr,non alimentare,,settore_merceologico,
658,,9.21310297489,45.482713684,distr,Non Alimentare,,settore_merceologico,
659,,9.12718069495,45.4435479977,distr,non alimentare,,settore_merceologico,
660,germani sport,9.16177874297,45.4665033112,distr,non alimentare,,settore_merceologico,
661,,9.18756064209,45.480979113,distr,non alimentare,,settore_merceologico,
662,,,,distr,Non Alimentare,,settore_merceologico,
663,unes,9.22836267727,45.4847319611,distr,alimentare|non alimentare,,settore_merceologico,
664,valentino,9.19372555194,45.4695384318,distr,Non Alimentare,,settore_merceologico,
665,sma supermercati,9.2299931498,45.4627779907,distr,Non Alimentare,,settore_merceologico,
666,,9.1946145518,45.4657189454,distr,Non Alimentare,,settore_merceologico,
667,esselunga,9.15005352208,45.4739228123,distr,,,settore_merceologico,
668,,9.21904933408,45.443393151,distr,non alimentare,,settore_merceologico,
669,,9.16889017942,45.4502479923,distr,,,settore_merceologico,
670,pam,9.18209625707,45.4442657288,distr,alimentare|non alimentare,,settore_merceologico,
671,pam,9.21417957833,45.4829703585,distr,non alimentare|alimentare,,settore_merceologico,
672,,9.21789875697,45.4843736752,distr,non alimentare,,settore_merceologico,
673,,9.14396855089,45.4945492729,distr,alimentare|non alimentare,,settore_merceologico,
674,,9.23212536974791,45.4552043425859,distr,alimentare|non alimentare,,settore_merceologico,
675,,9.13385856601,45.4542392822,distr,non alimentare,,settore_merceologico,
676,,9.13884344466901,45.4950262264346,distr,tabella speciale carburanti,,settore_merceologico,
677,,9.15936215498,45.4935755124,distr,non alimentare,,settore_merceologico,
678,susa auto silo,9.22242529034308,45.468919486625,distr,non alimentare,,settore_merceologico,
679,,9.19931942693,45.4825301808,distr,non alimentare,,settore_merceologico,
680,,9.19498723566,45.4683546491,distr,non alimentare,,settore_merceologico,
681,,9.18855749725,45.4845388516,distr,alimentare|non alimentare,,settore_merceologico,
682,,9.16575856694,45.4455529866,distr,non alimentare,,settore_merceologico,
683,,9.14041213629,45.4505916439,distr,non alimentare,,settore_merceologico,
684,,9.19895305456,45.4856727578,distr,non alimentare,,settore_merceologico,
685,gs,,,distr,alimentare|non alimentare,,settore_merceologico,
686,conad,9.11891854681,45.4403482556,distr,alimentare|non alimentare,,settore_merceologico,
687,,9.12698056381,45.5029133852,distr,alimentare|non alimentare,,settore_merceologico,
688,,9.2139433046,45.4835698458,distr,non alimentare,,settore_merceologico,
689,toys center,9.20615699013,45.4834376608,distr,Alimentare|Non Alimentare,,settore_merceologico,
690,,9.19357449459,45.4695022232,distr,Non Alimentare,,settore_merceologico,
691,unes,9.14253291619,45.5150805771,distr,alimentare|non alimentare,,settore_merceologico,
692,,9.18175754648,45.4712484964,distr,Alimentare|Non Alimentare,,settore_merceologico,
693,,,,distr,Non Alimentare,,settore_merceologico,
694,,9.16356638525,45.4663810253,distr,Non Alimentare,,settore_merceologico,
695,,9.21073735473,45.4476318578,distr,non alimentare,,settore_merceologico,
696,maxmara,9.19780671799,45.4672840302,distr,Non Alimentare,,settore_merceologico,
697,b 612,9.20580058162,45.4521155822,distr,non alimentare,,settore_merceologico,
698,,9.21177467864,45.4497915638,distr,Non Alimentare,,settore_merceologico,
699,,9.15138571693,45.4796411559,distr,non alimentare,,settore_merceologico,
700,,9.2028615847,45.4962079017,distr,Alimentare|Non Alimentare,,settore_merceologico,
701,,,,distr,non alimentare|alimentare,,settore_merceologico,
702,,,,distr,non alimentare|alimentare,,settore_merceologico,
703,,9.17570968232,45.4953573684,distr,Non Alimentare,,settore_merceologico,
704,muji,9.20955290989,45.4787085549,distr,Non Alimentare|Alimentare,,settore_merceologico,
705,lucky music strumenti m.,9.16174389702,45.4459992834,distr,Non Alimentare,,settore_merceologico,
706,,9.19847296823849,45.490191524778,distr,non alimentare,,settore_merceologico,
707,denicar spa.,9.11898395615,45.4489324465,distr,non alimentare,,settore_merceologico,
708,,,,distr,non alimentare,,settore_merceologico,
709,,9.21197767481,45.48167237,distr,Non Alimentare,,settore_merceologico,
710,,9.21566561479,45.4675703475,distr,non alimentare,,settore_merceologico,
711,,9.18781486216,45.46350108,distr,non alimentare,,settore_merceologico,
712,,9.21429355982986,45.5216937987394,distr,Alimentare|Non Alimentare,,settore_merceologico,
713,,9.157207298,45.4366764373,distr,Non Alimentare,,settore_merceologico,
714,penny market,,,distr,alimentare|non alimentare,,settore_merceologico,
715,,9.18358025033,45.4668413826,distr,Non Alimentare,,settore_merceologico,
716,unes,9.20696537384,45.4756389768,distr,alimentare|non alimentare,,settore_merceologico,
717,sma supermercati,9.17826119668,45.4437600649,distr,Alimentare|Non Alimentare,,settore_merceologico,
718,,9.21214842632,45.4817528142,distr,Non Alimentare,,settore_merceologico,
719,,9.21982794936,45.4971796641,distr,non alimentare,,settore_merceologico,
720,oviesse,9.19670444383,45.5098441352,distr,non alimentare,,settore_merceologico,
721,,9.20178542342,45.4952475946,distr,non alimentare,,settore_merceologico,
722,treesse sport,9.18687736656,45.4628989084,distr,non alimentare,,settore_merceologico,
723,da driade,9.19343576768,45.4705548749,distr,non alimentare,,settore_merceologico,
724,,9.19832732176,45.4656225872,distr,non alimentare,,settore_merceologico,
725,lidl,9.11433951167,45.5023437047,distr,Alimentare|Non Alimentare,,settore_merceologico,
726,pisotti,9.16036182642704,45.4489249545815,distr,non alimentare,,settore_merceologico,
727,,9.12416469102,45.4952532507,distr,alimentare|non alimentare,,settore_merceologico,
728,,9.21310297489,45.482713684,distr,Non Alimentare,,settore_merceologico,
729,,9.24395127582,45.44557068,distr,alimentare|non alimentare,,settore_merceologico,
730,giacomelli sport,9.21501429045,45.4840539679,distr,non alimentare,,settore_merceologico,
731,lidl,9.20161784439,45.4392726598,distr,alimentare|non alimentare,,settore_merceologico,
732,penny market,9.23517522029,45.4999434173,distr,alimentare|non alimentare,,settore_merceologico,
733,lidl,9.14177390928,45.4478176664,distr,alimentare|non alimentare,,settore_merceologico,
734,esselunga,9.16775691476,45.4596727672,distr,Alimentare|Non Alimentare,,settore_merceologico,
735,d E g,,,distr,non alimentare,,settore_merceologico,
736,,,,distr,non alimentare,,settore_merceologico,
737,unes,9.20623280013,45.4666961412,distr,alimentare|non alimentare,,settore_merceologico,
738,lidl,9.12608167856,45.5132891898,distr,Alimentare|Non Alimentare,,settore_merceologico,
739,,9.19310030281,45.4705617955,distr,non alimentare,,settore_merceologico,
740,peck,,,distr,Alimentare,,settore_merceologico,
741,,9.20483169592,45.4556997709,distr,non alimentare,,settore_merceologico,
742,gio moretti jenny,9.19842363202,45.4688500831,distr,Non Alimentare,,settore_merceologico,
743,,9.17233399401875,45.5153786142801,distr,non alimentare|tabella speciale carburanti,,settore_merceologico,
744,,,,distr,alimentare|non alimentare,,settore_merceologico,
745,,9.19599522519,45.4650508945,distr,non alimentare,,settore_merceologico,
746,pam,9.22491580585,45.4835962501,distr,alimentare|non alimentare,,settore_merceologico,
747,,9.18103278595,45.4593931486,distr,non alimentare,,settore_merceologico,
748,louis vuitton,9.19659616693,45.467144814,distr,Non Alimentare,,settore_merceologico,
749,,9.12494984372,45.4464879279,distr,non alimentare,,settore_merceologico,
750,sma supermercati alimenta,,,distr,alimentare|non alimentare,,settore_merceologico,
751,unes,9.24113375224,45.4878792271,distr,alimentare|non alimentare,,settore_merceologico,
752,gs,,,distr,alimentare|non alimentare,,settore_merceologico,
753,,9.18221873246,45.4320147286,distr,alimentare|non alimentare,,settore_merceologico,
754,,9.2126994049,45.5150180891,distr,alimentare|non alimentare,,settore_merceologico,
755,zara,,,distr,non alimentare,,settore_merceologico,
756,carrefour,9.21691641802,45.436495266,distr,alimentare|non alimentare,,settore_merceologico,
757,,9.24354157438,45.5143648883,distr,Non Alimentare,,settore_merceologico,
758,,9.19067041517,45.4653475084,distr,Non Alimentare,,settore_merceologico,
759,h E m,9.19351083085,45.4649629913,distr,non alimentare,,settore_merceologico,
760,esselunga,9.15346834634,45.4975026094,distr,Alimentare|Non Alimentare,,settore_merceologico,
761,castoldi,9.22433478182,45.5107360225,distr,non alimentare,,settore_merceologico,
762,carrefour,9.22485965737,45.4795700635,distr,alimentare|non alimentare,,settore_merceologico,
763,mercedes benz,9.10014438638,45.5079347044,distr,non alimentare,,settore_merceologico,
764,pam,9.15871917155,45.456962035,distr,alimentare|non alimentare,,settore_merceologico,
765,pam,9.18210764913,45.4714865088,distr,alimentare|non alimentare,,settore_merceologico,
766,volvo sveziacar,9.18850400196,45.445742166,distr,non alimentare,,settore_merceologico,
767,fulgida srl,9.18306460596,45.4934321811,distr,non alimentare,,settore_merceologico,
768,carrefour,9.15754949345,45.4366841813,distr,alimentare|non alimentare,,settore_merceologico,
769,darty,9.21491566983,45.4625515937,distr,Non Alimentare|Alimentare,,settore_merceologico,
770,,9.18534449152,45.4612970372,distr,Non Alimentare,,settore_merceologico,
771,,9.17641013523,45.4242792896,distr,non alimentare,,settore_merceologico,
772,,9.21526073547208,45.5229843115312,distr,Non Alimentare,,settore_merceologico,
773,marco polo expert,9.17312710925,45.4792908992,distr,non alimentare,,settore_merceologico,
774,oviesse,,,distr,non alimentare,,settore_merceologico,
775,mobili cucine divani,9.22460672151,45.4908940106,distr,non alimentare,,settore_merceologico,
776,,9.1388708788,45.4955859314,distr,non alimentare,,settore_merceologico,
777,,9.16550286165,45.4925001625,distr,non alimentare,,settore_merceologico,
778,,9.17925549562,45.4953658128,distr,non alimentare,,settore_merceologico,
779,carrefour,9.20430177294,45.5120447919,distr,alimentare|non alimentare,,settore_merceologico,
780,,9.17827074588,45.5018626366,distr,Non Alimentare,,settore_merceologico,
781,pam,9.13234453549,45.4631608103,distr,alimentare|non alimentare,,settore_merceologico,
782,sma,,,distr,Alimentare|Non Alimentare,,settore_merceologico,
783,,9.14755146847,45.4902083015,distr,non alimentare,,settore_merceologico,
784,,9.12370933393966,45.4459986596794,distr,alimentare|non alimentare,,settore_merceologico,
785,,,,distr,non alimentare,,settore_merceologico,
786,sma supermercati alimenta,9.22307010637,45.4402982525,distr,Alimentare|Non Alimentare,,settore_merceologico,
787,,9.14405999239,45.4947998575,distr,Non Alimentare,,settore_merceologico,
788,galbiati arreda,9.15271550674,45.4893175022,distr,non alimentare,,settore_merceologico,
789,pam,9.19809098656,45.4508051995,distr,Alimentare|Non Alimentare,,settore_merceologico,
790,,,,distr,Alimentare|Non Alimentare,,settore_merceologico,
791,,9.19590276218,45.4654752135,distr,non alimentare,,settore_merceologico,
792,,9.21310297489,45.482713684,distr,Non Alimentare,,settore_merceologico,
793,,9.13895676668,45.4974523901,distr,alimentare|non alimentare,,settore_merceologico,
794,ipercoop,,,distr,alimentare|non alimentare,,settore_merceologico,
795,conad,,,distr,Non Alimentare,,settore_merceologico,
796,germani sport,9.19393910179,45.4646312768,distr,Non Alimentare,,settore_merceologico,
797,carrefour,9.13785037649,45.4652966985,distr,alimentare|non alimentare,,settore_merceologico,
798,,,,distr,Non Alimentare|Alimentare,,settore_merceologico,
799,lidl,9.15528409206,45.4449977804,distr,Alimentare|Non Alimentare,,settore_merceologico,
800,,9.09646912903,45.4575935346,distr,Alimentare|Non Alimentare,,settore_merceologico,
801,gs,,,distr,alimentare|non alimentare,,settore_merceologico,
802,esselunga,9.13411754707,45.4697367069,distr,alimentare|non alimentare,,settore_merceologico,
803,OVS,,,distr,alimentare|non alimentare,,settore_merceologico,
804,,9.17206024411401,45.498169620293,distr,Non Alimentare|Alimentare,,settore_merceologico,
805,,,,distr,non alimentare,,settore_merceologico,
806,collezioni g. armani,9.19659616693,45.467144814,distr,non alimentare,,settore_merceologico,
807,,9.19451862388,45.4646957777,distr,Alimentare|Non Alimentare,,settore_merceologico,
808,pam,9.21815666557,45.4558852352,distr,alimentare|non alimentare,,settore_merceologico,
809,,9.23919990139,45.4910523526,distr,non alimentare,,settore_merceologico,
810,euromics galimberti,9.21326157895,45.482505165,distr,non alimentare,,settore_merceologico,
811,,9.2126994049,45.5150180891,distr,non alimentare,,settore_merceologico,
812,,9.2116888173,45.515292043,distr,Non Alimentare,,settore_merceologico,
813,,9.2116888173,45.515292043,distr,Non Alimentare,,settore_merceologico,
814,bruno castoldi,9.20404878604,45.4507220157,distr,non alimentare,,settore_merceologico,
815,melablu,,,distr,non alimentare,,settore_merceologico,
816,lidl,9.12370933393966,45.4459986596794,distr,alimentare|non alimentare,,settore_merceologico,
817,sma supermercati,9.24035947562,45.5038511054,distr,alimentare|non alimentare,,settore_merceologico,
818,pam,9.14818084576,45.4556002875,distr,Alimentare|non alimentare,,settore_merceologico,
819,brico io,9.11479754273,45.495837865,distr,Non Alimentare,,settore_merceologico,
820,supermarket del legno,9.12298124516,45.4458221918,distr,non alimentare,,settore_merceologico,
821,,9.18282955754,45.4372307775,distr,alimentare|non alimentare,,settore_merceologico,
822,,9.2126994049,45.5150180891,distr,alimentare|non alimentare,,settore_merceologico,
823,,9.21805457562,45.4419468568,distr,Non Alimentare,,settore_merceologico,
824,,9.13641476465,45.4404524487,distr,Alimentare|Non Alimentare,,settore_merceologico,
825,,,,distr,Alimentare|Non Alimentare,,settore_merceologico,
826,,9.17088340083,45.4427850068,distr,non alimentare,,settore_merceologico,
827,,9.16969073728,45.5195599643,distr,Non Alimentare,,settore_merceologico,
828,,9.1932535422,45.4645099874,distr,Non Alimentare,,settore_merceologico,
829,euromics galimberti,9.1679681767,45.4567265918,distr,non alimentare,,settore_merceologico,
830,pam,,,distr,Alimentare|non alimentare,,settore_merceologico,
831,dico,9.2050827234,45.5262442769,distr,Alimentare|Non Alimentare,,settore_merceologico,
832,,,,distr,Alimentare|Non Alimentare,,settore_merceologico,
833,conad,,,distr,alimentare|non alimentare,,settore_merceologico,
834,,9.19543360178,45.465341227,distr,Non Alimentare,,settore_merceologico,
835,,,,distr,Non Alimentare,,settore_merceologico,
836,,9.1950186067,45.46850189,distr,Non Alimentare,,settore_merceologico,
837,,,,distr,Non Alimentare|Alimentare,,settore_merceologico,
838,lidl supermarket,9.18753587302,45.4991098127,distr,Alimentare|Non Alimentare,,settore_merceologico,
839,ricordi medi store,,,distr,non alimentare,,settore_merceologico,
840,ricordi medi store,,,distr,non alimentare,,settore_merceologico,
841,,9.19067041517,45.4653475084,distr,Alimentare|Non Alimentare|Tabella speciale Monopolio,,settore_merceologico,
842,esselunga,9.16356793105,45.4443041302,distr,alimentare|non alimentare,,settore_merceologico,
843,pam,,,distr,alimentare|non alimentare,,settore_merceologico,
844,brico io,9.22780511791,45.5203066323,distr,non alimentare,,settore_merceologico,
845,betta e cereda srl,,,distr,non alimentare,,settore_merceologico,
846,,9.21196301483,45.4812031394,distr,non alimentare,,settore_merceologico,
847,euroarredi,9.16046501442,45.4462826795,distr,non alimentare,,settore_merceologico,
848,coop,9.19108968976,45.5167122826,distr,alimentare|non alimentare,,settore_merceologico,
849,GS,9.20774422822,45.4568728489,distr,alimentare|non alimentare,,settore_merceologico,
850,,9.21310297489,45.482713684,distr,Non Alimentare,,settore_merceologico,
851,oviesse,9.21917665069,45.4557646386,distr,alimentare|non alimentare,,settore_merceologico,
852,,9.19509664366,45.4644993986,distr,non alimentare,,settore_merceologico,
853,,,,distr,Non Alimentare,,settore_merceologico,
854,esselunga,,,distr,,,settore_merceologico,
855,,,,distr,non alimentare,,settore_merceologico,
856,cargo (high-tech srl),,,distr,non alimentare,,settore_merceologico,
857,,9.10146500589,45.4596420732,distr,alimentare|non alimentare,,settore_merceologico,
858,conad,9.20629122715,45.4365175299,distr,Alimentare|Non Alimentare,,settore_merceologico,
859,lidl,9.17383330116,45.432329812,distr,alimentare|non alimentare,,settore_merceologico,
860,,,,distr,Alimentare|Non Alimentare,,settore_merceologico,
861,lidl,9.16044558184,45.4453112787,distr,Alimentare|Non Alimentare,,settore_merceologico,
862,,9.12230850841,45.4442508037,distr,Non Alimentare,,settore_merceologico,
863,,9.19595581233,45.4676969896,distr,Non Alimentare,,settore_merceologico,
864,unes,9.20915716296,45.5003338262,distr,Alimentare|Non Alimentare,,settore_merceologico,
865,oviesse,,,distr,alimentare|non alimentare,,settore_merceologico,
866,gs,9.22193649971,45.502730588,distr,alimentare|non alimentare,,settore_merceologico,
867,,,,distr,Alimentare|Non Alimentare|Tabella speciale Farmacie,,settore_merceologico,
868,carrefour,9.13542384937,45.4546875939,distr,alimentare|non alimentare,,settore_merceologico,
869,,9.2161256999,45.5219962455,distr,Non Alimentare,,settore_merceologico,
870,il gigante,9.1516943535,45.4546880542,distr,alimentare|non alimentare,,settore_merceologico,
871,,9.19714084468,45.4663109053,distr,non alimentare,,settore_merceologico,
872,,9.15033918482,45.484934912,distr,non alimentare,,settore_merceologico,
873,,9.2306831103,45.5105249914,distr,non alimentare,,settore_merceologico,
874,,,,distr,non alimentare,,settore_merceologico,
875,,9.18326697097,45.4675962735,distr,Non Alimentare,,settore_merceologico,
876,,9.21429355982986,45.5216937987394,distr,Non Alimentare,,settore_merceologico,
877,,9.1487874019,45.4910742275,distr,Non Alimentare,,settore_merceologico,
878,,9.19514078756,45.4654006701,distr,Non Alimentare,,settore_merceologico,
879,,9.1924743083,45.4664913841,distr,non alimentare,,settore_merceologico,
880,,9.19918513811,45.468542541,distr,Non Alimentare,,settore_merceologico,
881,esselunga,9.11173902492,45.4602582763,distr,alimentare|non alimentare,,settore_merceologico,
882,,9.14656440125,45.4908109428,distr,alimentare|non alimentare,,settore_merceologico,
883,,,,distr,Alimentare|Non Alimentare,,settore_merceologico,
884,,9.12188660774,45.4444469881,distr,Alimentare|Non Alimentare,,settore_merceologico,
885,max mara,9.19451937464,45.4654671534,distr,non alimentare,,settore_merceologico,
886,gs supermercato,9.2138764223,45.4573650258,distr,alimentare|non alimentare,,settore_merceologico,
887,,9.16356638525,45.4663810253,distr,Non Alimentare,,settore_merceologico,
888,,9.176302915,45.5095076533,distr,Non Alimentare,,settore_merceologico,
889,,9.18600355896,45.4617618562,distr,Non Alimentare,,settore_merceologico,
890,,,,distr,Non Alimentare,,settore_merceologico,
891,opel gerli,9.19984477154,45.504207332,distr,non alimentare,,settore_merceologico,
892,,,,distr,Non Alimentare,,settore_merceologico,
893,,,,distr,Alimentare|Non Alimentare,,settore_merceologico,
894,,9.09418042217,45.4611628371,distr,Non Alimentare,,settore_merceologico,
895,,9.18681189800946,45.4646080636514,distr,Non Alimentare,,settore_merceologico,
896,chateau d ax,9.20926749488,45.4475435209,distr,non alimentare,,settore_merceologico,
897,gucci,9.1956629661,45.4677775374,distr,non alimentare,,settore_merceologico,
898,esselunga,,,distr,alimentare|non alimentare,,settore_merceologico,
899,oviesse,9.20120295311,45.4349394942,distr,alimentare|non alimentare,,settore_merceologico,
900,la rinascente,9.19200827719,45.465311215,distr,non alimentare,,settore_merceologico,
901,upim,9.11479754273,45.495837865,distr,non alimentare,,settore_merceologico,
902,,9.12608167856,45.5132891898,distr,Non Alimentare,,settore_merceologico,
903,,9.14424691721,45.442465445,distr,alimentare|non alimentare,,settore_merceologico,
904,peugeot,9.12603825474,45.4991713305,distr,non alimentare,,settore_merceologico,
905,aber crombie e fich,9.19567610312725,45.4668165764428,distr,non alimentare,,settore_merceologico,
906,,9.1977348686,45.465391253,distr,non alimentare,,settore_merceologico,
907,,9.20957541403,45.4479374141,distr,Non Alimentare,,settore_merceologico,
908,,9.21310297489,45.482713684,distr,Non Alimentare,,settore_merceologico,
909,,9.1915056605,45.4368270065,distr,non alimentare,,settore_merceologico,
910,,,,distr,alimentare,,settore_merceologico,
911,,,,distr,non alimentare,,settore_merceologico,
912,,,,distr,non alimentare,,settore_merceologico,
913,,,,distr,non alimentare,,settore_merceologico,
914,,,,distr,non alimentare,,settore_merceologico,
915,,9.19177031091691,45.436365713113,distr,alimentare|non alimentare,,settore_merceologico,
916,,9.23772680994,45.4983989122,distr,non alimentare,,settore_merceologico,
917,,9.23772680994,45.4983989122,distr,non alimentare,,settore_merceologico,
918,,9.23171811012,45.4643048003,distr,non alimentare,,settore_merceologico,
919,,9.19156866499,45.5197143759,distr,non alimentare,,settore_merceologico,
920,esselunga,9.20677384163824,45.4726188732503,distr,Alimentare|non alimentare,,settore_merceologico,
921,carrefour,9.1751575031,45.4812631659,distr,Alimentare|Non Alimentare,,settore_merceologico,
922,,9.19543360178,45.465341227,distr,non alimentare,,settore_merceologico,
923,,9.20668674854,45.4758598616,distr,Non Alimentare,,settore_merceologico,
924,,9.20767493745,45.4743833832,distr,non alimentare,,settore_merceologico,
925,,9.24354157438,45.5143648883,distr,Non Alimentare,,settore_merceologico,
926,ricordi media store,9.19067041517,45.4653475084,distr,Non Alimentare,,settore_merceologico,
927,carrefour,9.18540014281,45.4952346309,distr,alimentare|non alimentare,,settore_merceologico,
928,,,,distr,non alimentare,,settore_merceologico,
929,zara,9.18781486216,45.46350108,distr,Non Alimentare,,settore_merceologico,
930,carrefour,,,distr,Non Alimentare,,settore_merceologico,
931,upim,9.18747410533,45.4633963627,distr,alimentare|non alimentare,,settore_merceologico,
932,,,,distr,Alimentare|Non Alimentare,,settore_merceologico,
933,io brico,9.13575027919,45.4620495847,distr,alimentare|non alimentare,,settore_merceologico,
934,esselunga,,,distr,alimentare|non alimentare,,settore_merceologico,
935,esselunga,9.19602276851,45.4989964958,distr,alimentare|non alimentare,,settore_merceologico,
936,h.e m. abbigliamento,9.19718089504,45.4656742027,distr,non alimentare,,settore_merceologico,
937,toys center,,,distr,Alimentare|Non Alimentare,,settore_merceologico,
938,,,,distr,non alimentare|alimentare,,settore_merceologico,
939,oviesse,,,distr,alimentare|non alimentare,,settore_merceologico,
940,sma/simply,,,distr,alimentare|non alimentare,,settore_merceologico,
941,,9.15128195516,45.4933804234,distr,alimentare|non alimentare,,settore_merceologico,
942,,9.19641794443,45.4656447574,distr,Non Alimentare,,settore_merceologico,
943,OVS,9.20984838207,45.4625612619,distr,alimentare|non alimentare,,settore_merceologico,
944,car village,9.11800533432,45.5197599483,distr,non alimentare,,settore_merceologico,
945,mondadori mulitcenter,9.15153625786,45.4667592103,distr,Alimentare|Non Alimentare,,settore_merceologico,
946,,9.21677309779,45.4871249879,distr,alimentare|non alimentare,,settore_merceologico,
947,esselunga vle jenner,9.18155614341,45.4982919068,distr,alimentare|non alimentare,,settore_merceologico,
948,bershka,9.19523069269,45.4652839367,distr,Non Alimentare,,settore_merceologico,
949,fined finanz.editoriale,,,distr,non alimentare,,settore_merceologico,
950,media world,9.21073735473,45.4476318578,distr,non alimentare,,settore_merceologico,
951,,9.18571231323,45.4649892789,distr,Non Alimentare,,settore_merceologico,
952,,9.1891111561,45.4633434664,distr,non alimentare,,settore_merceologico,
953,,9.19675107492,45.4703033704,distr,Non Alimentare,,settore_merceologico,
954,carrefour,,,distr,alimentare|non alimentare,,settore_merceologico,
955,boggi,9.19832732176,45.4656225872,distr,Non Alimentare|Alimentare,,settore_merceologico,
956,sma,,,distr,non alimentare|alimentare,,settore_merceologico,
957,,9.1570758632,45.4842900042,distr,non alimentare,,settore_merceologico,
958,mondadori multicenter,9.1891111561,45.4633434664,distr,non alimentare,,settore_merceologico,
959,,,,distr,Alimentare|Non Alimentare,,settore_merceologico,
960,media world,9.15492196071,45.4507353384,distr,non alimentare,,settore_merceologico,
961,benetton,,,distr,alimentare|non alimentare,,settore_merceologico,
962,,9.19509664366,45.4644993986,distr,Alimentare|Non Alimentare,,settore_merceologico,
963,,9.1913010377,45.464980011,distr,Non Alimentare,,settore_merceologico,
964,longoni sport punto giall,,,distr,alimentare|non alimentare,,settore_merceologico,
965,OVS,9.21605461711285,45.4864123789992,distr,alimentare|non alimentare,,settore_merceologico,
966,,,,distr,alimentare|non alimentare,,settore_merceologico,
967,,9.19418783582,45.4712760796,distr,Non Alimentare,,settore_merceologico,
968,,9.22156947478,45.468378014,distr,alimentare|non alimentare,,settore_merceologico,
969,,,,distr,Non Alimentare|Alimentare,,settore_merceologico,
970,esselunga,9.12060188917,45.4721594539,distr,alimentare|non alimentare,,settore_merceologico,
971,,9.18779987692,45.4805956717,distr,Alimentare|Non Alimentare,,settore_merceologico,
972,,9.19499082005,45.4648613426,distr,Non Alimentare,,settore_merceologico,
973,cityper sma,9.2306831103,45.5105249914,distr,alimentare|non alimentare,,settore_merceologico,
974,,9.23604783799,45.4965452687,distr,Alimentare|Non Alimentare,,settore_merceologico,
975,esselunga spa.,9.21278494068,45.4502345606,distr,alimentare|non alimentare,,settore_merceologico,
976,,9.2042720185,45.518169276,distr,alimentare|non alimentare,,settore_merceologico,
977,,9.23772680994,45.4983989122,distr,alimentare|non alimentare,,settore_merceologico,
978,,,,distr,alimentare|non alimentare,,settore_merceologico,
979,,9.24397162402,45.5144124533,distr,non alimentare,,settore_merceologico,
980,,,,distr,non alimentare,,settore_merceologico,
981,la botteguccia,9.15514674607,45.4610432846,distr,Alimentare|Non Alimentare,,settore_merceologico,
982,,,,distr,Alimentare|Non Alimentare,,settore_merceologico,
983,,,,distr,alimentare|non alimentare,,settore_merceologico,
984,upim,9.1540935694,45.4670596395,distr,alimentare|non alimentare,,settore_merceologico,
985,upim,9.22350775015,45.4398287469,distr,alimentare|non alimentare,,settore_merceologico,
986,oviesse,,,distr,,,settore_merceologico,
987,decathlon,9.18281658066,45.4690698548,distr,alimentare|non alimentare,,settore_merceologico,
988,upim,9.20861429291,45.4782079869,distr,Alimentare|Non Alimentare,,settore_merceologico,
989,esselunga,9.17745177225,45.4210080985,distr,alimentare|non alimentare,,settore_merceologico,
990,,9.16186940463,45.4647802883,distr,non alimentare,,settore_merceologico,
991,sma supermercati alimenta,9.18173635775,45.4716204823,distr,alimentare|non alimentare,,settore_merceologico,
992,oviesse,9.20989296286,45.4794996528,distr,alimentare|non alimentare,,settore_merceologico,
993,,9.23221429038463,45.4364282493447,distr,non alimentare,,settore_merceologico,
994,iperstanda,9.14590889729,45.4664201416,distr,alimentare|non alimentare,,settore_merceologico,
995,standa superfresco,,,distr,alimentare|non alimentare,,settore_merceologico,
996,OVS S.P.A.,,,distr,alimentare|non alimentare,,settore_merceologico,
997,coin,9.17235920938,45.4558546278,distr,alimentare|non alimentare,,settore_merceologico,
998,coin,,,distr,alimentare|non alimentare,,settore_merceologico,
999,OVS,9.18494523543,45.4960938209,distr,alimentare|non alimentare,,settore_merceologico,
1000,esselunga,,,distr,alimentare|non alimentare,,settore_merceologico,
1001,ipercoop,9.11479754273,45.495837865,distr,alimentare|non alimentare,,settore_merceologico,
1002,,,,distr,Alimentare|Non Alimentare,,settore_merceologico,
1003,sma,9.12793645192,45.4683433378,distr,alimentare|non alimentare,,settore_merceologico,
1004,ipercoop,9.21073735473,45.4476318578,distr,Alimentare|Non Alimentare,,settore_merceologico,
1005,,9.19253755797,45.5277014699,distr,Alimentare|Non Alimentare,,settore_merceologico,
1006,,9.19253755797,45.5277014699,distr,alimentare|non alimentare,,settore_merceologico,
1007,,9.12333744037,45.4454259088,distr,alimentare|non alimentare,,settore_merceologico,
1008,,,,distr,non alimentare|alimentare,,settore_merceologico,
1009,esselunga centro commerci,9.12333744037,45.4454259088,distr,alimentare|Non Alimentare,,settore_merceologico,
1010,esselunga,9.19831709812,45.4432380934,distr,alimentare|non alimentare,,settore_merceologico,
1011,licenza madre ce de angel,9.19831709812,45.4432380934,distr,non alimentare|alimentare,,settore_merceologico,
1012,esselunga,9.13803241329116,45.5073925941426,distr,Alimentare|Non Alimentare,,settore_merceologico,
1013,iper portello,9.14543698346,45.4904356874,distr,alimentare|non alimentare,,settore_merceologico,
1014,,,,distr,alimentare|non alimentare,,settore_merceologico,
1015,ipercoop,9.0971032272,45.4507280124,distr,Alimentare|Non Alimentare,,settore_merceologico,
1016,licenza madre ce palizzi,9.13803241329116,45.5073925941426,distr,alimentare|non alimentare,,settore_merceologico,
1017,,9.0971032272,45.4507280124,distr,alimentare|non alimentare,,settore_merceologico,
1018,la rinascente s.p.a.,9.15173493159,45.4897289186,distr,alimentare|non alimentare,,settore_merceologico,
1019,coin,,,distr,alimentare|non alimentare,,settore_merceologico,
1020,,,,distr,alimentare|non alimentare,,settore_merceologico,
1021,,9.158759505,45.4799250849,distr,Non Alimentare|Alimentare|,,settore_merceologico,
1022,,,,distr,,,settore_merceologico,
1023,la rinascente s.p.a.,9.19186474355,45.4653722745,distr,Alimentare|Non Alimentare,,settore_merceologico,
1024,,,,distr,,,settore_merceologico,
1025,,,,distr,alimentare|non alimentare,,settore_merceologico,
1026,,,,distr,Alimentare|Non Alimentare|Tabella speciale Farmacie|Tabella speciale Monopolio,,settore_merceologico,
